{"column_names":["r1val","r2val","avg_wh_p","avg_wh_bnds","yld_p","yld_bnds","var_wh_p","var_wh_bnds","pene_p","pene_bnds","boost_p","boost_bnds","soa_p","soa_bnds","hob_p","hob_bnds","launch_p","launch_bnds","rb_r_p","rb_r_bnds","cep_p","cep_bnds"],"data":{"avg_wh_bnds":[5.15,9.35],"avg_wh_p":[0.24774479420885975,0.24774479420885975],"boost_bnds":[0.75,0.95],"boost_p":[0.5044200818918965,0.5044200818918965],"cep_bnds":[4.918032787,600.0],"cep_p":[0.5009925316030059,0.5009925316030059],"hob_bnds":[0.0,1000.0],"hob_p":[0.5005503170657222,0.5005503170657222],"launch_bnds":[0.75,0.95],"launch_p":[0.49545052105895326,0.49545052105895326],"pene_bnds":[0.75,0.95],"pene_p":[0.5014765097919076,0.5014765097919076],"r1val":[5.147010046586064,5.147010046586064],"r2val":[23.77457097936025,23.77457097936025],"rb_r_bnds":[0.75,0.95],"rb_r_p":[0.5021115169930868,0.5021115169930868],"soa_bnds":[5.0,30.0],"soa_p":[0.49930392145566577,0.49930392145566577],"var_wh_bnds":[0.30263157890000003,17.292105263],"var_wh_p":[0.16287095976715807,0.16287095976715807],"yld_bnds":[60.0,700.0],"yld_p":[0.29379186175769,0.29379186175769]},"id":"4442ea18-b713-45f4-8546-a35012d69609"}