{"column_names":["coef","cept"],"data":{"cept":[[[-0.2655799768823473,-0.0039054234239180277,-0.013705800517208799,0.5078534147791257,-0.4635334449100074,-0.5493454568742883,1.1735286005330805,0.5357550700390451,-0.34455281760294104,0.4497191114209562,0.8011844819907609,-0.47291315763542346,-0.10423819181046211,0.4746768989860488,-0.30371963918578415],[0.03552870705522897]],[[0.5605440904697337,-0.5263761287805332,1.1783976942252727,-0.017847607082356165,-0.9759486052339855,1.145116299170857,0.1432369636623935,0.19171482781411958,0.08119039081098497,-1.434122877356942,-0.011937612735036181,0.5724799523289803,1.1200319452122858,0.714797177385686,-1.5935292149904419],[2.032959063745955]]],"coef":[[[[0.2199789267492954,0.1471851094894958,2.4124052196892127,0.015748769041324405,-0.11419341340083249,-0.3027937380223692,-3.1583145676598634,0.7379938831414165,4.250888663355621,-2.933669925295551,0.9306286549509506,0.34045276073250047,1.0484325629794375,-0.9576950432403518,0.10379895925270595],[-1.3434361130165717,0.03251139353593189,-0.10118466551124644,-0.3499410985454606,1.2202039052613851,0.3358569756813183,0.8802013908338413,0.9259133756087745,0.4222672026975236,6.425321496768291,1.3609069000217904,1.508314885310233,-1.3682636394038017,-0.7047440743180321,0.44483890315475305],[0.35663432347609875,-0.2511314842588052,-0.9669712709836372,4.057820571867303,-5.846749700155676,-2.297974760064272,-6.424843554559188,2.4472731103263192,0.3108984470836902,-10.223485565174592,2.252977701929225,-7.03149278567511,-0.4182830030713242,0.5321363177511179,-0.17455434417948573],[0.3937453612050833,-0.5591286827619224,-0.11865126248948778,0.19929339121623654,0.17449617411669568,0.16499167418966743,-0.04186016763681216,0.10490004228443182,0.2606939774091654,-0.0843427634787937,-0.04911501174946432,-0.09503401881894118,-0.13707365022182016,-0.3356129516838106,-0.12918253156683587],[0.25894973528479587,-0.4357707691268183,0.5669677730280411,-0.11074614875967512,0.20527977382314402,0.43559394858239336,0.09343492088708423,0.4403918948521055,-0.15256137046632035,0.24259399905503407,-0.3354748496110184,-0.11594735122416756,0.24547690140717424,0.2521825799947327,0.07701775176658043],[0.2672536003775269,-0.0022510702137865553,0.06332090904616408,0.567633698541167,0.19790734495870432,0.04787513664962037,0.08365906576356343,-0.005021340554931336,-0.019809564334538766,0.14847537752023834,-0.573497852057644,0.039050085157595435,0.10553225471652035,-0.13905670830390632,0.24220368083118232],[-0.2715691068485621,-0.07124928100901143,-0.5124454226361729,-0.0742091500085026,-0.26388806917024027,-0.18930875169649866,-0.02387976340520982,-0.16756271866103048,0.18925287928483273,0.18696126947360434,-0.054722088561406264,0.062216096901015844,0.5302484150929354,0.049727034945800455,0.5275872420361435],[-0.9439935550515588,-0.820452093303958,0.1040892081737642,0.19626761890692573,0.14308028846050797,0.004530343928893989,-0.049129062480643096,-0.03691311173481292,-0.1234602370444844,-0.0013543844754030164,-0.33241423407285,-0.07229014787166013,0.2165097044828,0.014770178950178233,0.5335991492654674],[0.09121711481662094,-0.1738087138074932,0.1830065510608788,-0.2911449419910105,-0.29084933890250547,-0.20688413836045516,-0.01477875089609892,-0.13808052842058968,-0.08386856923879718,0.08186687023724619,0.3504471336237866,0.05905579002472104,0.4299669862964444,-0.19625000246768087,0.992696353889071],[0.46613604417366394,0.22287789356852353,0.4979885499636284,0.03464217280495299,-0.13519882949760784,-0.45508445994538005,-0.010747174867090797,-0.09709887274885717,-0.08038501662686762,-0.2021225933675995,0.5546873689015197,0.073065565751792,-0.17144831091840285,0.19021489505524672,-0.1402461034030267]],[[0.5090069149389608],[-0.6535477761691103],[-1.2626014444606037],[1.5789330510143755],[-1.4880072275218885],[-0.9281784888932536],[1.6900716464837047],[1.0477371651503316],[-1.687247527205548],[2.163846826111127],[0.6006729048334405],[-2.654878058405049],[-0.8924937290707216],[0.9616395146905122],[0.7442878539348041]]],[[[0.2766260373363096,-0.4609307068593567,-0.3561489338795742,0.43851003059768207,5.254350593810536,-5.406891945733596,0.09976942331508337,-0.07464005645389622,0.15676446018842818,6.281813877533922,-0.6640238784769159,-0.13690591370939878,-5.4436654849654165,-0.27533843378391665,5.850860307741328],[1.6909512615307651,-1.7971617758873675,-2.3577793691156566,-0.07681788994258962,-8.744847031080743,7.9157496410087305,-1.0771786291107526,-0.2536809925616924,1.6587218179397452,2.110042734864872,-0.8305764456055227,-1.2093052172460534,7.885432327765675,1.7230234302755563,0.8787090978986656],[2.521052421707358,-0.992590257985582,8.905663978954438,4.558719999332702,13.693386050495615,-13.53281254492937,6.003595139450685,-2.1170386500169776,2.734363789784507,0.03349750427810595,-1.4097638554911511,4.578885606051264,-14.080907450665435,-0.4700833247075909,1.039958482079096],[-0.10002696597413072,0.44246251723525865,-0.27584079544628526,-0.03326091065142724,0.23310732306512744,-0.1979269000651062,0.21691267332381303,0.2697190280438599,0.10405534239471184,0.08503582030636667,-1.1138731760165042,0.9393454386518563,-0.1967815355829601,0.3363638267215863,0.28831620403104063],[0.031064906834448874,-0.31663818572315966,-0.36406986941788694,0.5963624637939622,-0.3217017249111286,0.2942939080014172,0.3665112790054312,-0.7000581303824391,0.39036731428355453,0.14514678160787903,-0.8426640798333179,0.18043585214193927,0.3145389119926048,0.621472578148128,0.41405275941164477],[-0.2881887295864116,-0.11750601827493949,-0.16093377096354486,0.4000172668857643,-0.23827380013729418,0.2231674171486631,0.15983235295652004,-1.1445186315752605,-0.14104293400627874,-0.12253999929451544,-0.5470928453020831,0.7303941113010682,0.24514627975545117,-0.4023151489998995,0.23349739469772865],[-0.20006041464434157,-0.7557319226495922,0.13511921716625694,0.8244654221642062,-0.17970324420867773,0.16769280278636256,-0.004208945342948955,-1.2751701273040574,-0.03686757191707945,0.001394505193176483,0.35628415617408515,-0.4514046231089413,0.2276245680383262,0.7957016124616796,0.06367151079359096],[-0.5965560348826312,-0.18799003880768572,-0.1210917629663038,0.48272951142885384,0.14039659970825652,-0.09135269807356936,0.4262860623979039,-0.9659131664109347,-0.11123704441339884,0.0777286834374527,-1.1181116234061834,0.9221284052874649,-0.04733801045585748,0.2152871968569624,-0.01526118663322293],[-0.2255356582266004,-1.0673818117489609,-0.09967777144709662,1.304771012338948,-0.06697029594239058,0.057117022009013585,0.22215235608930006,-1.406128568310394,0.3284790442984834,-0.08802383023503052,0.5523480125179502,-0.6292632248058686,0.08228061939237838,-0.23971192933601032,0.31422710915342617],[-0.1090973351092161,-0.04782527271235144,0.4041273781793948,-0.9121134810744873,0.21501407962302363,-0.16200405565536705,-0.6138065682890653,0.5835847973599577,-0.3615924139063784,-0.515783465638509,0.2893794942586206,-0.058103222694050306,-0.10280331926412843,0.6716151787484101,0.0851383790156859]],[[2.6114133276505256],[-2.128602534930572],[6.5114146571267915],[2.5871340138412307],[-3.8840456134350685],[3.499349905364969],[2.6570875179391344],[-2.2237645011880622],[2.4538665666028034],[-5.983562749811552],[-2.1177125339199616],[2.149089846241253],[3.5903314938096913],[2.3549201309798597],[-1.785146099550471]]]]},"id":"e6de3a4a-1925-4345-a400-a9adf12cd39c"}